Size,ReductionGlobal,ReductionShared,Sorting
10000,0.729504,0.180224,0.468992
100000,0.05744,0.017152,0.633856
1000000,0.076608,0.052224,2.11341
