Size,ReductionGlobal,ReductionShared,Sorting
10000,1.2831,0.013312,0.55296
100000,0.334272,0.014336,3.57786
1000000,0.96384,0.079872,44.1385
